-- phpMyAdmin SQL Dump
-- version 4.8.2
-- https://www.phpmyadmin.net/
--
-- Host: 127.0.0.1
-- Generation Time: Jul 19, 2020 at 05:18 PM
-- Server version: 10.1.34-MariaDB
-- PHP Version: 5.6.37

SET SQL_MODE = "NO_AUTO_VALUE_ON_ZERO";
SET AUTOCOMMIT = 0;
START TRANSACTION;
SET time_zone = "+00:00";


/*!40101 SET @OLD_CHARACTER_SET_CLIENT=@@CHARACTER_SET_CLIENT */;
/*!40101 SET @OLD_CHARACTER_SET_RESULTS=@@CHARACTER_SET_RESULTS */;
/*!40101 SET @OLD_COLLATION_CONNECTION=@@COLLATION_CONNECTION */;
/*!40101 SET NAMES utf8mb4 */;

--
-- Database: `db_apriori`
--

-- --------------------------------------------------------

--
-- Table structure for table `table_barang`
--

CREATE TABLE `table_barang` (
  `barang_id` int(15) NOT NULL,
  `barang_nama` varchar(200) NOT NULL,
  `barang_kategori` varchar(20) NOT NULL
) ENGINE=InnoDB DEFAULT CHARSET=latin1;

--
-- Dumping data for table `table_barang`
--

INSERT INTO `table_barang` (`barang_id`, `barang_nama`, `barang_kategori`) VALUES
(1, 'ABC Sambal Terasi 23g', 'MAKANAN'),
(2, 'Pepsodent Action 123 Anti Bacterial 190 g', 'PERAWATAN TUBUH'),
(3, 'Buavita Guava 250 Ml', 'MINUMAN'),
(4, 'Air Le Minerale 600 ml', 'MINUMAN'),
(5, 'Energen Kacang Hijau 31 g', 'MINUMAN'),
(6, 'Energen Cokelat 29 gr', 'MINUMAN'),
(7, 'Kopi Torabika Jahe Susu', 'MINUMAN'),
(8, 'Drink Beng-Beng Chocolate 30 Gr', 'MINUMAN'),
(9, 'Kopi Tora Susu 28  G', 'MINUMAN'),
(10, 'Frisian Flag white 40g', 'MINUMAN'),
(11, 'Downy Sunrise Fresh 14 ml', 'PEWANGI PAKAIAN'),
(12, 'Clear SHP Ice menthol 2x5ml', 'PERAWATAN TUBUH'),
(13, 'sunsilk soft and smooth 10 ml', 'PERAWATAN TUBUH'),
(14, 'Sedap Mie goreng 90 g', 'MAKANAN'),
(15, 'Teh Kotak 300 ml', 'MINUMAN'),
(16, 'You.C1000 orange 140 ml', 'MINUMAN'),
(17, 'Kopi Torabika Cappuccino 25 g', 'MINUMAN'),
(18, 'Kopi Torabika Moca 28GR', 'MINUMAN'),
(19, 'Susu Enaak Coklat 42 g', 'MINUMAN'),
(20, 'Masako Ayam MAC50 F 11 g', 'MAKANAN'),
(21, 'Sprite Kaleng  can 250 ml', 'MINUMAN'),
(22, 'Sprite P5000', 'MINUMAN'),
(23, 'Susu Beruang 189 ml', 'MINUMAN'),
(24, 'Teh gelas Big 300 ml', 'MINUMAN'),
(25, 'Teh Gelas', 'MINUMAN'),
(26, 'Kopi ABC Mocca 27 g', 'MINUMAN'),
(27, 'Air maxi Gelas', 'MINUMAN'),
(28, 'Air Aqua Mini 330 ml', 'MINUMAN'),
(29, 'Air Aqua Botol Besar 1500 ml', 'MINUMAN'),
(30, 'Air Aqua BOTOL 600 ml', 'MINUMAN'),
(31, 'Biskuit Beng-Beng 22 gr', 'MAKANAN'),
(32, 'Downy Parfum Mystique 23 ml', 'PEWANGI PAKAIAN'),
(33, 'Indomie Rasa Coto Makassar', 'MAKANAN'),
(34, 'Intermie kaldu ayam', 'MAKANAN'),
(35, 'Indomie Rasa Soto Mie', 'MAKANAN'),
(36, 'Indomie Kari Ayam', 'MAKANAN'),
(37, 'Indomie Kaldu Ayam', 'MAKANAN'),
(38, 'Korek Gas Senterbiasa', 'KOREK'),
(39, 'Yakult', 'MINUMAN'),
(40, 'Gula Pasir 0,5 Kg', 'BUMBU MASAK');

-- --------------------------------------------------------

--
-- Table structure for table `table_groups`
--

CREATE TABLE `table_groups` (
  `group_id` int(11) NOT NULL,
  `group_name` varchar(200) NOT NULL,
  `group_desc` text NOT NULL
) ENGINE=InnoDB DEFAULT CHARSET=latin1;

--
-- Dumping data for table `table_groups`
--

INSERT INTO `table_groups` (`group_id`, `group_name`, `group_desc`) VALUES
(1, 'Admin', 'Super Admin'),
(2, 'User', 'User Only');

-- --------------------------------------------------------

--
-- Table structure for table `table_keluar`
--

CREATE TABLE `table_keluar` (
  `keluar_id` int(11) NOT NULL,
  `barang_id` int(11) NOT NULL,
  `keluar_tanggal` date NOT NULL,
  `keluar_jumlah` varchar(20) NOT NULL
) ENGINE=InnoDB DEFAULT CHARSET=latin1;

--
-- Dumping data for table `table_keluar`
--

INSERT INTO `table_keluar` (`keluar_id`, `barang_id`, `keluar_tanggal`, `keluar_jumlah`) VALUES
(1, 1, '2019-02-07', '34'),
(2, 2, '2019-02-07', '31'),
(3, 3, '2019-02-07', '49'),
(4, 4, '2019-02-07', '252'),
(5, 5, '2019-02-07', '54'),
(6, 6, '2019-02-07', '27'),
(7, 7, '2019-02-07', '40'),
(8, 8, '2019-02-07', '53'),
(9, 9, '2019-02-07', '80'),
(10, 10, '2019-02-07', '106'),
(11, 11, '2019-02-07', '45'),
(12, 12, '2019-02-07', '66'),
(13, 13, '2019-02-07', '39'),
(14, 14, '2019-02-07', '142'),
(15, 15, '2019-02-07', '245'),
(16, 16, '2019-02-07', '138'),
(17, 17, '2019-02-07', '92'),
(18, 18, '2019-02-07', '86'),
(19, 19, '2019-02-07', '64'),
(20, 20, '2019-02-07', '41'),
(21, 21, '2019-02-07', '104'),
(22, 22, '2019-02-07', '40'),
(23, 23, '2019-02-07', '81'),
(24, 24, '2019-02-07', '25'),
(25, 25, '2019-02-07', '248'),
(26, 26, '2019-02-07', '30'),
(27, 27, '2019-02-07', '386'),
(28, 28, '2019-02-07', '74'),
(29, 29, '2019-02-07', '248'),
(30, 30, '2019-02-07', '250'),
(31, 31, '2019-02-07', '54'),
(32, 32, '2019-02-07', '52'),
(33, 33, '2019-02-07', '109'),
(34, 34, '2019-02-07', '189'),
(35, 35, '2019-02-07', '98'),
(36, 36, '2019-02-07', '100'),
(37, 37, '2019-02-07', '142'),
(38, 38, '2019-02-07', '40'),
(39, 39, '2019-02-07', '48'),
(40, 40, '2019-02-07', '222'),
(41, 1, '2019-02-14', '30'),
(42, 2, '2019-02-14', '28'),
(43, 3, '2019-02-14', '54'),
(44, 4, '2019-02-14', '259'),
(45, 5, '2019-02-14', '49'),
(46, 6, '2019-02-14', '25'),
(47, 7, '2019-02-14', '48'),
(48, 8, '2019-02-14', '59'),
(49, 9, '2019-02-14', '72'),
(50, 10, '2019-02-14', '100'),
(51, 11, '2019-02-14', '52'),
(52, 12, '2019-02-14', '61'),
(53, 13, '2019-02-14', '44'),
(54, 14, '2019-02-14', '150'),
(55, 15, '2019-02-14', '255'),
(56, 16, '2019-02-14', '130'),
(57, 17, '2019-02-14', '88'),
(58, 18, '2019-02-14', '91'),
(59, 19, '2019-02-14', '70'),
(60, 20, '2019-02-14', '35'),
(61, 21, '2019-02-14', '98'),
(62, 22, '2019-02-14', '48'),
(63, 23, '2019-02-14', '92'),
(64, 24, '2019-02-14', '22'),
(65, 25, '2019-02-14', '230'),
(66, 26, '2019-02-14', '40'),
(67, 27, '2019-02-14', '390'),
(68, 28, '2019-02-14', '70'),
(69, 29, '2019-02-14', '238'),
(70, 30, '2019-02-14', '263'),
(71, 31, '2019-02-14', '49'),
(72, 32, '2019-02-14', '57'),
(73, 33, '2019-02-14', '121'),
(74, 34, '2019-02-14', '176'),
(75, 35, '2019-02-14', '96'),
(76, 36, '2019-02-14', '106'),
(77, 37, '2019-02-14', '150'),
(78, 38, '2019-02-14', '33'),
(79, 39, '2019-02-14', '42'),
(80, 40, '2019-02-14', '241'),
(81, 1, '2019-02-21', '34'),
(82, 2, '2019-02-21', '11'),
(83, 3, '2019-02-21', '39'),
(84, 4, '2019-02-21', '248'),
(85, 5, '2019-02-21', '53'),
(86, 6, '2019-02-21', '13'),
(87, 7, '2019-02-21', '27'),
(88, 8, '2019-02-21', '40'),
(89, 9, '2019-02-21', '76'),
(90, 10, '2019-02-21', '90'),
(91, 11, '2019-02-21', '38'),
(92, 12, '2019-02-21', '51'),
(93, 13, '2019-02-21', '20'),
(94, 14, '2019-02-21', '139'),
(95, 15, '2019-02-21', '240'),
(96, 16, '2019-02-21', '125'),
(97, 17, '2019-02-21', '83'),
(98, 18, '2019-02-21', '80'),
(99, 19, '2019-02-21', '60'),
(100, 20, '2019-02-21', '24'),
(101, 21, '2019-02-21', '89'),
(102, 22, '2019-02-21', '34'),
(103, 23, '2019-02-21', '61'),
(104, 24, '2019-02-21', '18'),
(105, 25, '2019-02-21', '230'),
(106, 26, '2019-02-21', '28'),
(107, 27, '2019-02-21', '375'),
(108, 28, '2019-02-21', '54'),
(109, 29, '2019-02-21', '229'),
(110, 30, '2019-02-21', '243'),
(111, 31, '2019-02-21', '49'),
(112, 32, '2019-02-21', '35'),
(113, 33, '2019-02-21', '103'),
(114, 34, '2019-02-21', '184'),
(115, 35, '2019-02-21', '88'),
(116, 36, '2019-02-21', '96'),
(117, 37, '2019-02-21', '136'),
(118, 38, '2019-02-21', '22'),
(119, 39, '2019-02-21', '48'),
(120, 40, '2019-02-21', '206'),
(121, 1, '2019-02-28', '16'),
(122, 2, '2019-02-28', '30'),
(123, 3, '2019-02-28', '41'),
(124, 4, '2019-02-28', '252'),
(125, 5, '2019-02-28', '52'),
(126, 6, '2019-02-28', '21'),
(127, 7, '2019-02-28', '37'),
(128, 8, '2019-02-28', '51'),
(129, 9, '2019-02-28', '80'),
(130, 10, '2019-02-28', '88'),
(131, 11, '2019-02-28', '38'),
(132, 12, '2019-02-28', '66'),
(133, 13, '2019-02-28', '30'),
(134, 14, '2019-02-28', '138'),
(135, 15, '2019-02-28', '241'),
(136, 16, '2019-02-28', '131'),
(137, 17, '2019-02-28', '92'),
(138, 18, '2019-02-28', '74'),
(139, 19, '2019-02-28', '58'),
(140, 20, '2019-02-28', '29'),
(141, 21, '2019-02-28', '91'),
(142, 22, '2019-02-28', '27'),
(143, 23, '2019-02-28', '81'),
(144, 24, '2019-02-28', '11'),
(145, 25, '2019-02-28', '230'),
(146, 26, '2019-02-28', '10'),
(147, 27, '2019-02-28', '374'),
(148, 28, '2019-02-28', '64'),
(149, 29, '2019-02-28', '240'),
(150, 30, '2019-02-28', '245'),
(151, 31, '2019-02-28', '50'),
(152, 32, '2019-02-28', '40'),
(153, 33, '2019-02-28', '95'),
(154, 34, '2019-02-28', '175'),
(155, 35, '2019-02-28', '85'),
(156, 36, '2019-02-28', '87'),
(157, 37, '2019-02-28', '123'),
(158, 38, '2019-02-28', '28'),
(159, 39, '2019-02-28', '42'),
(160, 40, '2019-02-28', '208'),
(161, 1, '2018-03-07', '38'),
(162, 2, '2018-03-07', '33'),
(163, 3, '2018-03-07', '51'),
(164, 4, '2018-03-07', '265'),
(165, 5, '2018-03-07', '37'),
(166, 6, '2018-03-07', '130'),
(167, 7, '2018-03-07', '34'),
(168, 8, '2018-03-07', '40'),
(169, 9, '2018-03-07', '53'),
(170, 10, '2018-03-07', '106'),
(171, 11, '2018-03-07', '49'),
(172, 12, '2018-03-07', '34'),
(173, 13, '2018-03-07', '37'),
(174, 14, '2018-03-07', '237'),
(175, 15, '2018-03-07', '79'),
(176, 16, '2018-03-07', '53'),
(177, 17, '2018-03-07', '105'),
(178, 18, '2018-03-07', '65'),
(179, 19, '2018-03-07', '40'),
(180, 20, '2018-03-07', '822'),
(181, 21, '2018-03-07', '89'),
(182, 22, '2018-03-07', '34'),
(183, 23, '2018-03-07', '83'),
(184, 24, '2018-03-07', '144'),
(185, 25, '2018-03-07', '37'),
(186, 26, '2018-03-07', '42'),
(187, 27, '2018-03-07', '33'),
(188, 28, '2018-03-07', '1854'),
(189, 29, '2018-03-07', '32'),
(190, 30, '2018-03-07', '77'),
(191, 31, '2018-03-07', '188'),
(192, 32, '2018-03-07', '48'),
(193, 33, '2018-03-07', '245'),
(194, 34, '2018-03-07', '458'),
(195, 35, '2018-03-07', '36'),
(196, 36, '2018-03-07', '46'),
(197, 37, '2018-03-07', '257'),
(198, 38, '2018-03-07', '34'),
(199, 39, '2018-03-07', '263'),
(200, 40, '2018-03-07', '41'),
(201, 1, '2018-03-16', '23'),
(202, 2, '2018-03-16', '25'),
(203, 3, '2018-03-16', '41'),
(204, 4, '2018-03-16', '255'),
(205, 5, '2018-03-16', '33'),
(206, 6, '2018-03-16', '113'),
(207, 7, '2018-03-16', '29'),
(208, 8, '2018-03-16', '34'),
(209, 9, '2018-03-16', '40'),
(210, 10, '2018-03-16', '95'),
(211, 11, '2018-03-16', '44'),
(212, 12, '2018-03-16', '28'),
(213, 13, '2018-03-16', '24'),
(214, 14, '2018-03-16', '237'),
(215, 15, '2018-03-16', '60'),
(216, 16, '2018-03-16', '40'),
(217, 17, '2018-03-16', '89'),
(218, 18, '2018-03-16', '55'),
(219, 19, '2018-03-16', '37'),
(220, 20, '2018-03-16', '810'),
(221, 21, '2018-03-16', '89'),
(222, 22, '2018-03-16', '27'),
(223, 23, '2018-03-16', '74'),
(224, 24, '2018-03-16', '138'),
(225, 25, '2018-03-16', '19'),
(226, 26, '2018-03-16', '31'),
(227, 27, '2018-03-16', '30'),
(228, 28, '2018-03-16', '1851'),
(229, 29, '2018-03-16', '31'),
(230, 30, '2018-03-16', '76'),
(231, 31, '2018-03-16', '169'),
(232, 32, '2018-03-16', '43'),
(233, 33, '2018-03-16', '242'),
(234, 34, '2018-03-16', '451'),
(235, 35, '2018-03-16', '16'),
(236, 36, '2018-03-16', '40'),
(237, 37, '2018-03-16', '238'),
(238, 38, '2018-03-16', '32'),
(239, 39, '2018-03-16', '245'),
(240, 40, '2018-03-16', '34'),
(241, 1, '2018-03-23', '38'),
(242, 2, '2018-03-23', '27'),
(243, 3, '2018-03-23', '46'),
(244, 4, '2018-03-23', '251'),
(245, 5, '2018-03-23', '33'),
(246, 6, '2018-03-23', '122'),
(247, 7, '2018-03-23', '30'),
(248, 8, '2018-03-23', '23'),
(249, 9, '2018-03-23', '50'),
(250, 10, '2018-03-23', '89'),
(251, 11, '2018-03-23', '48'),
(252, 12, '2018-03-23', '30'),
(253, 13, '2018-03-23', '22'),
(254, 14, '2018-03-23', '220'),
(255, 15, '2018-03-23', '60'),
(256, 16, '2018-03-23', '47'),
(257, 17, '2018-03-23', '99'),
(258, 18, '2018-03-23', '51'),
(259, 19, '2018-03-23', '30'),
(260, 20, '2018-03-23', '821'),
(261, 21, '2018-03-23', '73'),
(262, 22, '2018-03-23', '20'),
(263, 23, '2018-03-23', '81'),
(264, 24, '2018-03-23', '124'),
(265, 25, '2018-03-23', '28'),
(266, 26, '2018-03-23', '23'),
(267, 27, '2018-03-23', '14'),
(268, 28, '2018-03-23', '1851'),
(269, 29, '2018-03-23', '30'),
(270, 30, '2018-03-23', '73'),
(271, 31, '2018-03-23', '178'),
(272, 32, '2018-03-23', '32'),
(273, 33, '2018-03-23', '230'),
(274, 34, '2018-03-23', '454'),
(275, 35, '2018-03-23', '25'),
(276, 36, '2018-03-23', '33'),
(277, 37, '2018-03-23', '251'),
(278, 38, '2018-03-23', '18'),
(279, 39, '2018-03-23', '247'),
(280, 40, '2018-03-23', '21'),
(281, 1, '2018-03-31', '24'),
(282, 2, '2018-03-31', '33'),
(283, 3, '2018-03-31', '44'),
(284, 4, '2018-03-31', '250'),
(285, 5, '2018-03-31', '27'),
(286, 6, '2018-03-31', '124'),
(287, 7, '2018-03-31', '33'),
(288, 8, '2018-03-31', '27'),
(289, 9, '2018-03-31', '46'),
(290, 10, '2018-03-31', '92'),
(291, 11, '2018-03-31', '39'),
(292, 12, '2018-03-31', '29'),
(293, 13, '2018-03-31', '29'),
(294, 14, '2018-03-31', '234'),
(295, 15, '2018-03-31', '62'),
(296, 16, '2018-03-31', '33'),
(297, 17, '2018-03-31', '98'),
(298, 18, '2018-03-31', '50'),
(299, 19, '2018-03-31', '36'),
(300, 20, '2018-03-31', '811'),
(301, 21, '2018-03-31', '86'),
(302, 22, '2018-03-31', '34'),
(303, 23, '2018-03-31', '63'),
(304, 24, '2018-03-31', '126'),
(305, 25, '2018-03-31', '31'),
(306, 26, '2018-03-31', '35'),
(307, 27, '2018-03-31', '14'),
(308, 28, '2018-03-31', '1836'),
(309, 29, '2018-03-31', '16'),
(310, 30, '2018-03-31', '66'),
(311, 31, '2018-03-31', '172'),
(312, 32, '2018-03-31', '37'),
(313, 33, '2018-03-31', '241'),
(314, 34, '2018-03-31', '448'),
(315, 35, '2018-03-31', '27'),
(316, 36, '2018-03-31', '42'),
(317, 37, '2018-03-31', '245'),
(318, 38, '2018-03-31', '16'),
(319, 39, '2018-03-31', '261'),
(320, 40, '2018-03-31', '36'),
(321, 1, '2018-04-07', '18'),
(322, 2, '2018-04-07', '49'),
(323, 3, '2018-04-07', '44'),
(324, 4, '2018-04-07', '234'),
(325, 5, '2018-04-07', '50'),
(326, 6, '2018-04-07', '151'),
(327, 7, '2018-04-07', '28'),
(328, 8, '2018-04-07', '41'),
(329, 9, '2018-04-07', '99'),
(330, 10, '2018-04-07', '106'),
(331, 11, '2018-04-07', '23'),
(332, 12, '2018-04-07', '43'),
(333, 13, '2018-04-07', '37'),
(334, 14, '2018-04-07', '248'),
(335, 15, '2018-04-07', '54'),
(336, 16, '2018-04-07', '42'),
(337, 17, '2018-04-07', '78'),
(338, 18, '2018-04-07', '63'),
(339, 19, '2018-04-07', '34'),
(340, 20, '2018-04-07', '597'),
(341, 21, '2018-04-07', '113'),
(342, 22, '2018-04-07', '23'),
(343, 23, '2018-04-07', '76'),
(344, 24, '2018-04-07', '119'),
(345, 25, '2018-04-07', '26'),
(346, 26, '2018-04-07', '19'),
(347, 27, '2018-04-07', '44'),
(348, 28, '2018-04-07', '1422'),
(349, 29, '2018-04-07', '87'),
(350, 30, '2018-04-07', '115'),
(351, 31, '2018-04-07', '211'),
(352, 32, '2018-04-07', '77'),
(353, 33, '2018-04-07', '240'),
(354, 34, '2018-04-07', '570'),
(355, 35, '2018-04-07', '22'),
(356, 36, '2018-04-07', '33'),
(357, 37, '2018-04-07', '214'),
(358, 38, '2018-04-07', '24'),
(359, 39, '2018-04-07', '246'),
(360, 40, '2018-04-07', '5'),
(361, 1, '2018-04-15', '25'),
(362, 2, '2018-04-15', '50'),
(363, 3, '2018-04-15', '30'),
(364, 4, '2018-04-15', '236'),
(365, 5, '2018-04-15', '35'),
(366, 6, '2018-04-15', '152'),
(367, 7, '2018-04-15', '15'),
(368, 8, '2018-04-15', '30'),
(369, 9, '2018-04-15', '96'),
(370, 10, '2018-04-15', '92'),
(371, 11, '2018-04-15', '17'),
(372, 12, '2018-04-15', '51'),
(373, 13, '2018-04-15', '49'),
(374, 14, '2018-04-15', '243'),
(375, 15, '2018-04-15', '57'),
(376, 16, '2018-04-15', '47'),
(377, 17, '2018-04-15', '72'),
(378, 18, '2018-04-15', '59'),
(379, 19, '2018-04-15', '24'),
(380, 20, '2018-04-15', '602'),
(381, 21, '2018-04-15', '109'),
(382, 22, '2018-04-15', '16'),
(383, 23, '2018-04-15', '66'),
(384, 24, '2018-04-15', '132'),
(385, 25, '2018-04-15', '39'),
(386, 26, '2018-04-15', '7'),
(387, 27, '2018-04-15', '53'),
(388, 28, '2018-04-15', '1417'),
(389, 29, '2018-04-15', '79'),
(390, 30, '2018-04-15', '102'),
(391, 31, '2018-04-15', '203'),
(392, 32, '2018-04-15', '75'),
(393, 33, '2018-04-15', '225'),
(394, 34, '2018-04-15', '578'),
(395, 35, '2018-04-15', '25'),
(396, 36, '2018-04-15', '25'),
(397, 37, '2018-04-15', '232'),
(398, 38, '2018-04-15', '26'),
(399, 39, '2018-04-15', '232'),
(400, 40, '2018-04-15', '14'),
(401, 1, '2018-04-22', '20'),
(402, 2, '2018-04-22', '49'),
(403, 3, '2018-04-22', '39'),
(404, 4, '2018-04-22', '229'),
(405, 5, '2018-04-22', '40'),
(406, 6, '2018-04-22', '136'),
(407, 7, '2018-04-22', '10'),
(408, 8, '2018-04-22', '42'),
(409, 9, '2018-04-22', '105'),
(410, 10, '2018-04-22', '98'),
(411, 11, '2018-04-22', '33'),
(412, 12, '2018-04-22', '34'),
(413, 13, '2018-04-22', '48'),
(414, 14, '2018-04-22', '245'),
(415, 15, '2018-04-22', '39'),
(416, 16, '2018-04-22', '34'),
(417, 17, '2018-04-22', '77'),
(418, 18, '2018-04-22', '64'),
(419, 19, '2018-04-22', '31'),
(420, 20, '2018-04-22', '603'),
(421, 21, '2018-04-22', '101'),
(422, 22, '2018-04-22', '25'),
(423, 23, '2018-04-22', '73'),
(424, 24, '2018-04-22', '134'),
(425, 25, '2018-04-22', '25'),
(426, 26, '2018-04-22', '18'),
(427, 27, '2018-04-22', '44'),
(428, 28, '2018-04-22', '1404'),
(429, 29, '2018-04-22', '73'),
(430, 30, '2018-04-22', '111'),
(431, 31, '2018-04-22', '213'),
(432, 32, '2018-04-22', '68'),
(433, 33, '2018-04-22', '238'),
(434, 34, '2018-04-22', '569'),
(435, 35, '2018-04-22', '26'),
(436, 36, '2018-04-22', '21'),
(437, 37, '2018-04-22', '219'),
(438, 38, '2018-04-22', '17'),
(439, 39, '2018-04-22', '232'),
(440, 40, '2018-04-22', '19'),
(441, 1, '2018-04-30', '37'),
(442, 2, '2018-04-30', '55'),
(443, 3, '2018-04-30', '47'),
(444, 4, '2018-04-30', '236'),
(445, 5, '2018-04-30', '55'),
(446, 6, '2018-04-30', '154'),
(447, 7, '2018-04-30', '28'),
(448, 8, '2018-04-30', '48'),
(449, 9, '2018-04-30', '115'),
(450, 10, '2018-04-30', '106'),
(451, 11, '2018-04-30', '35'),
(452, 12, '2018-04-30', '52'),
(453, 13, '2018-04-30', '53'),
(454, 14, '2018-04-30', '248'),
(455, 15, '2018-04-30', '59'),
(456, 16, '2018-04-30', '49'),
(457, 17, '2018-04-30', '90'),
(458, 18, '2018-04-30', '75'),
(459, 19, '2018-04-30', '41'),
(460, 20, '2018-04-30', '617'),
(461, 21, '2018-04-30', '115'),
(462, 22, '2018-04-30', '28'),
(463, 23, '2018-04-30', '83'),
(464, 24, '2018-04-30', '134'),
(465, 25, '2018-04-30', '41'),
(466, 26, '2018-04-30', '27'),
(467, 27, '2018-04-30', '55'),
(468, 28, '2018-04-30', '1423'),
(469, 29, '2018-04-30', '91'),
(470, 30, '2018-04-30', '115'),
(471, 31, '2018-04-30', '214'),
(472, 32, '2018-04-30', '80'),
(473, 33, '2018-04-30', '243'),
(474, 34, '2018-04-30', '578'),
(475, 35, '2018-04-30', '37'),
(476, 36, '2018-04-30', '38'),
(477, 37, '2018-04-30', '234'),
(478, 38, '2018-04-30', '28'),
(479, 39, '2018-04-30', '247'),
(480, 40, '2018-04-30', '20'),
(481, 1, '2018-05-07', '37'),
(482, 2, '2018-05-07', '21'),
(483, 3, '2018-05-07', '30'),
(484, 4, '2018-05-07', '378'),
(485, 5, '2018-05-07', '22'),
(486, 6, '2018-05-07', '138'),
(487, 7, '2018-05-07', '36'),
(488, 8, '2018-05-07', '13'),
(489, 9, '2018-05-07', '92'),
(490, 10, '2018-05-07', '105'),
(491, 11, '2018-05-07', '11'),
(492, 12, '2018-05-07', '34'),
(493, 13, '2018-05-07', '36'),
(494, 14, '2018-05-07', '365'),
(495, 15, '2018-05-07', '92'),
(496, 16, '2018-05-07', '27'),
(497, 17, '2018-05-07', '66'),
(498, 18, '2018-05-07', '46'),
(499, 19, '2018-05-07', '77'),
(500, 20, '2018-05-07', '736'),
(501, 21, '2018-05-07', '181'),
(502, 22, '2018-05-07', '47'),
(503, 23, '2018-05-07', '81'),
(504, 24, '2018-05-07', '110'),
(505, 25, '2018-05-07', '24'),
(506, 26, '2018-05-07', '98'),
(507, 27, '2018-05-07', '32'),
(508, 28, '2018-05-07', '1485'),
(509, 29, '2018-05-07', '41'),
(510, 30, '2018-05-07', '97'),
(511, 31, '2018-05-07', '179'),
(512, 32, '2018-05-07', '19'),
(513, 33, '2018-05-07', '239'),
(514, 34, '2018-05-07', '672'),
(515, 35, '2018-05-07', '41'),
(516, 36, '2018-05-07', '52'),
(517, 37, '2018-05-07', '481'),
(518, 38, '2018-05-07', '49'),
(519, 39, '2018-05-07', '199'),
(520, 40, '2018-05-07', '47'),
(521, 1, '2018-05-15', '28'),
(522, 2, '2018-05-15', '38'),
(523, 3, '2018-05-15', '39'),
(524, 4, '2018-05-15', '381'),
(525, 5, '2018-05-15', '34'),
(526, 6, '2018-05-15', '128'),
(527, 7, '2018-05-15', '36'),
(528, 8, '2018-05-15', '29'),
(529, 9, '2018-05-15', '86'),
(530, 10, '2018-05-15', '106'),
(531, 11, '2018-05-15', '13'),
(532, 12, '2018-05-15', '24'),
(533, 13, '2018-05-15', '38'),
(534, 14, '2018-05-15', '373'),
(535, 15, '2018-05-15', '79'),
(536, 16, '2018-05-15', '38'),
(537, 17, '2018-05-15', '76'),
(538, 18, '2018-05-15', '36'),
(539, 19, '2018-05-15', '66'),
(540, 20, '2018-05-15', '733'),
(541, 21, '2018-05-15', '180'),
(542, 22, '2018-05-15', '46'),
(543, 23, '2018-05-15', '81'),
(544, 24, '2018-05-15', '111'),
(545, 25, '2018-05-15', '43'),
(546, 26, '2018-05-15', '99'),
(547, 27, '2018-05-15', '37'),
(548, 28, '2018-05-15', '1489'),
(549, 29, '2018-05-15', '42'),
(550, 30, '2018-05-15', '91'),
(551, 31, '2018-05-15', '174'),
(552, 32, '2018-05-15', '21'),
(553, 33, '2018-05-15', '235'),
(554, 34, '2018-05-15', '662'),
(555, 35, '2018-05-15', '36'),
(556, 36, '2018-05-15', '54'),
(557, 37, '2018-05-15', '479'),
(558, 38, '2018-05-15', '39'),
(559, 39, '2018-05-15', '207'),
(560, 40, '2018-05-15', '46'),
(561, 1, '2018-05-23', '38'),
(562, 2, '2018-05-23', '28'),
(563, 3, '2018-05-23', '23'),
(564, 4, '2018-05-23', '383'),
(565, 5, '2018-05-23', '42'),
(566, 6, '2018-05-23', '126'),
(567, 7, '2018-05-23', '40'),
(568, 8, '2018-05-23', '22'),
(569, 9, '2018-05-23', '90'),
(570, 10, '2018-05-23', '101'),
(571, 11, '2018-05-23', '20'),
(572, 12, '2018-05-23', '24'),
(573, 13, '2018-05-23', '34'),
(574, 14, '2018-05-23', '358'),
(575, 15, '2018-05-23', '77'),
(576, 16, '2018-05-23', '38'),
(577, 17, '2018-05-23', '82'),
(578, 18, '2018-05-23', '30'),
(579, 19, '2018-05-23', '60'),
(580, 20, '2018-05-23', '729'),
(581, 21, '2018-05-23', '165'),
(582, 22, '2018-05-23', '41'),
(583, 23, '2018-05-23', '63'),
(584, 24, '2018-05-23', '121'),
(585, 25, '2018-05-23', '26'),
(586, 26, '2018-05-23', '90'),
(587, 27, '2018-05-23', '35'),
(588, 28, '2018-05-23', '1495'),
(589, 29, '2018-05-23', '37'),
(590, 30, '2018-05-23', '92'),
(591, 31, '2018-05-23', '172'),
(592, 32, '2018-05-23', '20'),
(593, 33, '2018-05-23', '231'),
(594, 34, '2018-05-23', '671'),
(595, 35, '2018-05-23', '31'),
(596, 36, '2018-05-23', '41'),
(597, 37, '2018-05-23', '473'),
(598, 38, '2018-05-23', '50'),
(599, 39, '2018-05-23', '203'),
(600, 40, '2018-05-23', '46'),
(601, 1, '2018-05-31', '46'),
(602, 2, '2018-05-31', '38'),
(603, 3, '2018-05-31', '41'),
(604, 4, '2018-05-31', '396'),
(605, 5, '2018-05-31', '42'),
(606, 6, '2018-05-31', '138'),
(607, 7, '2018-05-31', '52'),
(608, 8, '2018-05-31', '29'),
(609, 9, '2018-05-31', '92'),
(610, 10, '2018-05-31', '106'),
(611, 11, '2018-05-31', '30'),
(612, 12, '2018-05-31', '44'),
(613, 13, '2018-05-31', '51'),
(614, 14, '2018-05-31', '376'),
(615, 15, '2018-05-31', '94'),
(616, 16, '2018-05-31', '42'),
(617, 17, '2018-05-31', '85'),
(618, 18, '2018-05-31', '46'),
(619, 19, '2018-05-31', '78'),
(620, 20, '2018-05-31', '742'),
(621, 21, '2018-05-31', '183'),
(622, 22, '2018-05-31', '52'),
(623, 23, '2018-05-31', '83'),
(624, 24, '2018-05-31', '127'),
(625, 25, '2018-05-31', '43'),
(626, 26, '2018-05-31', '99'),
(627, 27, '2018-05-31', '38'),
(628, 28, '2018-05-31', '1499'),
(629, 29, '2018-05-31', '55'),
(630, 30, '2018-05-31', '102'),
(631, 31, '2018-05-31', '189'),
(632, 32, '2018-05-31', '39'),
(633, 33, '2018-05-31', '240'),
(634, 34, '2018-05-31', '675'),
(635, 35, '2018-05-31', '50'),
(636, 36, '2018-05-31', '56'),
(637, 37, '2018-05-31', '492'),
(638, 38, '2018-05-31', '52'),
(639, 39, '2018-05-31', '212'),
(640, 40, '2018-05-31', '53'),
(641, 1, '2018-06-07', '27'),
(642, 2, '2018-06-07', '62'),
(643, 3, '2018-06-07', '28'),
(644, 4, '2018-06-07', '440'),
(645, 5, '2018-06-07', '39'),
(646, 6, '2018-06-07', '142'),
(647, 7, '2018-06-07', '59'),
(648, 8, '2018-06-07', '10'),
(649, 9, '2018-06-07', '12'),
(650, 10, '2018-06-07', '97'),
(651, 11, '2018-06-07', '15'),
(652, 12, '2018-06-07', '39'),
(653, 13, '2018-06-07', '28'),
(654, 14, '2018-06-07', '320'),
(655, 15, '2018-06-07', '73'),
(656, 16, '2018-06-07', '34'),
(657, 17, '2018-06-07', '65'),
(658, 18, '2018-06-07', '39'),
(659, 19, '2018-06-07', '41'),
(660, 20, '2018-06-07', '742'),
(661, 21, '2018-06-07', '185'),
(662, 22, '2018-06-07', '56'),
(663, 23, '2018-06-07', '63'),
(664, 24, '2018-06-07', '122'),
(665, 25, '2018-06-07', '48'),
(666, 26, '2018-06-07', '94'),
(667, 27, '2018-06-07', '62'),
(668, 28, '2018-06-07', '1709'),
(669, 29, '2018-06-07', '39'),
(670, 30, '2018-06-07', '125'),
(671, 31, '2018-06-07', '214'),
(672, 32, '2018-06-07', '66'),
(673, 33, '2018-06-07', '322'),
(674, 34, '2018-06-07', '642'),
(675, 35, '2018-06-07', '31'),
(676, 36, '2018-06-07', '50'),
(677, 37, '2018-06-07', '465'),
(678, 38, '2018-06-07', '63'),
(679, 39, '2018-06-07', '216'),
(680, 40, '2018-06-07', '33'),
(681, 1, '2018-06-15', '40'),
(682, 2, '2018-06-15', '56'),
(683, 3, '2018-06-15', '24'),
(684, 4, '2018-06-15', '427'),
(685, 5, '2018-06-15', '43'),
(686, 6, '2018-06-15', '137'),
(687, 7, '2018-06-15', '49'),
(688, 8, '2018-06-15', '18'),
(689, 9, '2018-06-15', '21'),
(690, 10, '2018-06-15', '101'),
(691, 11, '2018-06-15', '16'),
(692, 12, '2018-06-15', '47'),
(693, 13, '2018-06-15', '38'),
(694, 14, '2018-06-15', '311'),
(695, 15, '2018-06-15', '56'),
(696, 16, '2018-06-15', '45'),
(697, 17, '2018-06-15', '66'),
(698, 18, '2018-06-15', '45'),
(699, 19, '2018-06-15', '41'),
(700, 20, '2018-06-15', '737'),
(701, 21, '2018-06-15', '178'),
(702, 22, '2018-06-15', '54'),
(703, 23, '2018-06-15', '72'),
(704, 24, '2018-06-15', '104'),
(705, 25, '2018-06-15', '33'),
(706, 26, '2018-06-15', '97'),
(707, 27, '2018-06-15', '55'),
(708, 28, '2018-06-15', '1707'),
(709, 29, '2018-06-15', '51'),
(710, 30, '2018-06-15', '125'),
(711, 31, '2018-06-15', '218'),
(712, 32, '2018-06-15', '67'),
(713, 33, '2018-06-15', '332'),
(714, 34, '2018-06-15', '642'),
(715, 35, '2018-06-15', '35'),
(716, 36, '2018-06-15', '50'),
(717, 37, '2018-06-15', '467'),
(718, 38, '2018-06-15', '55'),
(719, 39, '2018-06-15', '221'),
(720, 40, '2018-06-15', '40'),
(721, 1, '2018-06-23', '31'),
(722, 2, '2018-06-23', '50'),
(723, 3, '2018-06-23', '29'),
(724, 4, '2018-06-23', '422'),
(725, 5, '2018-06-23', '50'),
(726, 6, '2018-06-23', '146'),
(727, 7, '2018-06-23', '62'),
(728, 8, '2018-06-23', '23'),
(729, 9, '2018-06-23', '22'),
(730, 10, '2018-06-23', '88'),
(731, 11, '2018-06-23', '13'),
(732, 12, '2018-06-23', '39'),
(733, 13, '2018-06-23', '40'),
(734, 14, '2018-06-23', '305'),
(735, 15, '2018-06-23', '54'),
(736, 16, '2018-06-23', '33'),
(737, 17, '2018-06-23', '79'),
(738, 18, '2018-06-23', '38'),
(739, 19, '2018-06-23', '47'),
(740, 20, '2018-06-23', '746'),
(741, 21, '2018-06-23', '180'),
(742, 22, '2018-06-23', '60'),
(743, 23, '2018-06-23', '76'),
(744, 24, '2018-06-23', '124'),
(745, 25, '2018-06-23', '43'),
(746, 26, '2018-06-23', '88'),
(747, 27, '2018-06-23', '56'),
(748, 28, '2018-06-23', '1721'),
(749, 29, '2018-06-23', '45'),
(750, 30, '2018-06-23', '140'),
(751, 31, '2018-06-23', '224'),
(752, 32, '2018-06-23', '58'),
(753, 33, '2018-06-23', '327'),
(754, 34, '2018-06-23', '634'),
(755, 35, '2018-06-23', '26'),
(756, 36, '2018-06-23', '57'),
(757, 37, '2018-06-23', '456'),
(758, 38, '2018-06-23', '43'),
(759, 39, '2018-06-23', '204'),
(760, 40, '2018-06-23', '46'),
(761, 1, '2018-06-30', '43'),
(762, 2, '2018-06-30', '63'),
(763, 3, '2018-06-30', '43'),
(764, 4, '2018-06-30', '441'),
(765, 5, '2018-06-30', '52'),
(766, 6, '2018-06-30', '151'),
(767, 7, '2018-06-30', '63'),
(768, 8, '2018-06-30', '26'),
(769, 9, '2018-06-30', '32'),
(770, 10, '2018-06-30', '106'),
(771, 11, '2018-06-30', '28'),
(772, 12, '2018-06-30', '47'),
(773, 13, '2018-06-30', '46'),
(774, 14, '2018-06-30', '324'),
(775, 15, '2018-06-30', '74'),
(776, 16, '2018-06-30', '52'),
(777, 17, '2018-06-30', '79'),
(778, 18, '2018-06-30', '51'),
(779, 19, '2018-06-30', '57'),
(780, 20, '2018-06-30', '753'),
(781, 21, '2018-06-30', '197'),
(782, 22, '2018-06-30', '63'),
(783, 23, '2018-06-30', '83'),
(784, 24, '2018-06-30', '124'),
(785, 25, '2018-06-30', '49'),
(786, 26, '2018-06-30', '103'),
(787, 27, '2018-06-30', '63'),
(788, 28, '2018-06-30', '1726'),
(789, 29, '2018-06-30', '51'),
(790, 30, '2018-06-30', '145'),
(791, 31, '2018-06-30', '224'),
(792, 32, '2018-06-30', '71'),
(793, 33, '2018-06-30', '337'),
(794, 34, '2018-06-30', '646'),
(795, 35, '2018-06-30', '44'),
(796, 36, '2018-06-30', '64'),
(797, 37, '2018-06-30', '473'),
(798, 38, '2018-06-30', '63'),
(799, 39, '2018-06-30', '223'),
(800, 40, '2018-06-30', '49'),
(801, 1, '2018-07-07', '24'),
(802, 2, '2018-07-07', '24'),
(803, 3, '2018-07-07', '33'),
(804, 4, '2018-07-07', '219'),
(805, 5, '2018-07-07', '31'),
(806, 6, '2018-07-07', '126'),
(807, 7, '2018-07-07', '21'),
(808, 8, '2018-07-07', '37'),
(809, 9, '2018-07-07', '12'),
(810, 10, '2018-07-07', '93'),
(811, 11, '2018-07-07', '25'),
(812, 12, '2018-07-07', '36'),
(813, 13, '2018-07-07', '21'),
(814, 14, '2018-07-07', '216'),
(815, 15, '2018-07-07', '40'),
(816, 16, '2018-07-07', '22'),
(817, 17, '2018-07-07', '69'),
(818, 18, '2018-07-07', '17'),
(819, 19, '2018-07-07', '36'),
(820, 20, '2018-07-07', '459'),
(821, 21, '2018-07-07', '120'),
(822, 22, '2018-07-07', '34'),
(823, 23, '2018-07-07', '67'),
(824, 24, '2018-07-07', '114'),
(825, 25, '2018-07-07', '50'),
(826, 26, '2018-07-07', '12'),
(827, 27, '2018-07-07', '23'),
(828, 28, '2018-07-07', '1592'),
(829, 29, '2018-07-07', '82'),
(830, 30, '2018-07-07', '104'),
(831, 31, '2018-07-07', '144'),
(832, 32, '2018-07-07', '63'),
(833, 33, '2018-07-07', '163'),
(834, 34, '2018-07-07', '375'),
(835, 35, '2018-07-07', '28'),
(836, 36, '2018-07-07', '23'),
(837, 37, '2018-07-07', '354'),
(838, 38, '2018-07-07', '29'),
(839, 39, '2018-07-07', '225'),
(840, 40, '2018-07-07', '30'),
(841, 1, '2018-07-15', '29'),
(842, 2, '2018-07-15', '34'),
(843, 3, '2018-07-15', '29'),
(844, 4, '2018-07-15', '207'),
(845, 5, '2018-07-15', '22'),
(846, 6, '2018-07-15', '126'),
(847, 7, '2018-07-15', '15'),
(848, 8, '2018-07-15', '52'),
(849, 9, '2018-07-15', '21'),
(850, 10, '2018-07-15', '86'),
(851, 11, '2018-07-15', '24'),
(852, 12, '2018-07-15', '48'),
(853, 13, '2018-07-15', '20'),
(854, 14, '2018-07-15', '222'),
(855, 15, '2018-07-15', '44'),
(856, 16, '2018-07-15', '24'),
(857, 17, '2018-07-15', '60'),
(858, 18, '2018-07-15', '29'),
(859, 19, '2018-07-15', '34'),
(860, 20, '2018-07-15', '457'),
(861, 21, '2018-07-15', '121'),
(862, 22, '2018-07-15', '26'),
(863, 23, '2018-07-15', '78'),
(864, 24, '2018-07-15', '105'),
(865, 25, '2018-07-15', '43'),
(866, 26, '2018-07-15', '23'),
(867, 27, '2018-07-15', '21'),
(868, 28, '2018-07-15', '1590'),
(869, 29, '2018-07-15', '77'),
(870, 30, '2018-07-15', '121'),
(871, 31, '2018-07-15', '146'),
(872, 32, '2018-07-15', '63'),
(873, 33, '2018-07-15', '170'),
(874, 34, '2018-07-15', '368'),
(875, 35, '2018-07-15', '46'),
(876, 36, '2018-07-15', '27'),
(877, 37, '2018-07-15', '348'),
(878, 38, '2018-07-15', '20'),
(879, 39, '2018-07-15', '222'),
(880, 40, '2018-07-15', '20'),
(881, 1, '2018-07-23', '31'),
(882, 2, '2018-07-23', '25'),
(883, 3, '2018-07-23', '20'),
(884, 4, '2018-07-23', '211'),
(885, 5, '2018-07-23', '30'),
(886, 6, '2018-07-23', '140'),
(887, 7, '2018-07-23', '18'),
(888, 8, '2018-07-23', '39'),
(889, 9, '2018-07-23', '16'),
(890, 10, '2018-07-23', '105'),
(891, 11, '2018-07-23', '20'),
(892, 12, '2018-07-23', '40'),
(893, 13, '2018-07-23', '17'),
(894, 14, '2018-07-23', '216'),
(895, 15, '2018-07-23', '54'),
(896, 16, '2018-07-23', '24'),
(897, 17, '2018-07-23', '74'),
(898, 18, '2018-07-23', '25'),
(899, 19, '2018-07-23', '34'),
(900, 20, '2018-07-23', '451'),
(901, 21, '2018-07-23', '126'),
(902, 22, '2018-07-23', '23'),
(903, 23, '2018-07-23', '71'),
(904, 24, '2018-07-23', '106'),
(905, 25, '2018-07-23', '34'),
(906, 26, '2018-07-23', '9'),
(907, 27, '2018-07-23', '23'),
(908, 28, '2018-07-23', '1603'),
(909, 29, '2018-07-23', '70'),
(910, 30, '2018-07-23', '114'),
(911, 31, '2018-07-23', '152'),
(912, 32, '2018-07-23', '73'),
(913, 33, '2018-07-23', '162'),
(914, 34, '2018-07-23', '376'),
(915, 35, '2018-07-23', '45'),
(916, 36, '2018-07-23', '20'),
(917, 37, '2018-07-23', '362'),
(918, 38, '2018-07-23', '21'),
(919, 39, '2018-07-23', '232'),
(920, 40, '2018-07-23', '14'),
(921, 1, '2018-07-31', '39'),
(922, 2, '2018-07-31', '41'),
(923, 3, '2018-07-31', '35'),
(924, 4, '2018-07-31', '224'),
(925, 5, '2018-07-31', '32'),
(926, 6, '2018-07-31', '144'),
(927, 7, '2018-07-31', '35'),
(928, 8, '2018-07-31', '56'),
(929, 9, '2018-07-31', '27'),
(930, 10, '2018-07-31', '106'),
(931, 11, '2018-07-31', '30'),
(932, 12, '2018-07-31', '54'),
(933, 13, '2018-07-31', '36'),
(934, 14, '2018-07-31', '223'),
(935, 15, '2018-07-31', '55'),
(936, 16, '2018-07-31', '32'),
(937, 17, '2018-07-31', '74'),
(938, 18, '2018-07-31', '35'),
(939, 19, '2018-07-31', '46'),
(940, 20, '2018-07-31', '469'),
(941, 21, '2018-07-31', '138'),
(942, 22, '2018-07-31', '35'),
(943, 23, '2018-07-31', '83'),
(944, 24, '2018-07-31', '122'),
(945, 25, '2018-07-31', '51'),
(946, 26, '2018-07-31', '29'),
(947, 27, '2018-07-31', '41'),
(948, 28, '2018-07-31', '1610'),
(949, 29, '2018-07-31', '83'),
(950, 30, '2018-07-31', '124'),
(951, 31, '2018-07-31', '161'),
(952, 32, '2018-07-31', '74'),
(953, 33, '2018-07-31', '177'),
(954, 34, '2018-07-31', '387'),
(955, 35, '2018-07-31', '47'),
(956, 36, '2018-07-31', '39'),
(957, 37, '2018-07-31', '365'),
(958, 38, '2018-07-31', '35'),
(959, 39, '2018-07-31', '233'),
(960, 40, '2018-07-31', '32'),
(961, 1, '2018-08-07', '18'),
(962, 2, '2018-08-07', '31'),
(963, 3, '2018-08-07', '44'),
(964, 4, '2018-08-07', '304'),
(965, 5, '2018-08-07', '45'),
(966, 6, '2018-08-07', '116'),
(967, 7, '2018-08-07', '31'),
(968, 8, '2018-08-07', '46'),
(969, 9, '2018-08-07', '39'),
(970, 10, '2018-08-07', '100'),
(971, 11, '2018-08-07', '13'),
(972, 12, '2018-08-07', '16'),
(973, 13, '2018-08-07', '21'),
(974, 14, '2018-08-07', '219'),
(975, 15, '2018-08-07', '59'),
(976, 16, '2018-08-07', '34'),
(977, 17, '2018-08-07', '76'),
(978, 18, '2018-08-07', '45'),
(979, 19, '2018-08-07', '50'),
(980, 20, '2018-08-07', '673'),
(981, 21, '2018-08-07', '161'),
(982, 22, '2018-08-07', '28'),
(983, 23, '2018-08-07', '64'),
(984, 24, '2018-08-07', '123'),
(985, 25, '2018-08-07', '36'),
(986, 26, '2018-08-07', '50'),
(987, 27, '2018-08-07', '20'),
(988, 28, '2018-08-07', '1775'),
(989, 29, '2018-08-07', '46'),
(990, 30, '2018-08-07', '81'),
(991, 31, '2018-08-07', '167'),
(992, 32, '2018-08-07', '79'),
(993, 33, '2018-08-07', '177'),
(994, 34, '2018-08-07', '403'),
(995, 35, '2018-08-07', '31'),
(996, 36, '2018-08-07', '36'),
(997, 37, '2018-08-07', '264'),
(998, 38, '2018-08-07', '13'),
(999, 39, '2018-08-07', '283'),
(1000, 40, '2018-08-07', '45'),
(1001, 1, '2018-08-15', '20'),
(1002, 2, '2018-08-15', '39'),
(1003, 3, '2018-08-15', '56'),
(1004, 4, '2018-08-15', '303'),
(1005, 5, '2018-08-15', '41'),
(1006, 6, '2018-08-15', '104'),
(1007, 7, '2018-08-15', '28'),
(1008, 8, '2018-08-15', '50'),
(1009, 9, '2018-08-15', '34'),
(1010, 10, '2018-08-15', '87'),
(1011, 11, '2018-08-15', '27'),
(1012, 12, '2018-08-15', '24'),
(1013, 13, '2018-08-15', '34'),
(1014, 14, '2018-08-15', '229'),
(1015, 15, '2018-08-15', '46'),
(1016, 16, '2018-08-15', '48'),
(1017, 17, '2018-08-15', '67'),
(1018, 18, '2018-08-15', '54'),
(1019, 19, '2018-08-15', '47'),
(1020, 20, '2018-08-15', '684'),
(1021, 21, '2018-08-15', '172'),
(1022, 22, '2018-08-15', '27'),
(1023, 23, '2018-08-15', '81'),
(1024, 24, '2018-08-15', '119'),
(1025, 25, '2018-08-15', '39'),
(1026, 26, '2018-08-15', '46'),
(1027, 27, '2018-08-15', '29'),
(1028, 28, '2018-08-15', '1766'),
(1029, 29, '2018-08-15', '46'),
(1030, 30, '2018-08-15', '87'),
(1031, 31, '2018-08-15', '162'),
(1032, 32, '2018-08-15', '65'),
(1033, 33, '2018-08-15', '179'),
(1034, 34, '2018-08-15', '403'),
(1035, 35, '2018-08-15', '39'),
(1036, 36, '2018-08-15', '17'),
(1037, 37, '2018-08-15', '260'),
(1038, 38, '2018-08-15', '19'),
(1039, 39, '2018-08-15', '285'),
(1040, 40, '2018-08-15', '36'),
(1041, 1, '2018-08-23', '18'),
(1042, 2, '2018-08-23', '31'),
(1043, 3, '2018-08-23', '56'),
(1044, 4, '2018-08-23', '317'),
(1045, 5, '2018-08-23', '47'),
(1046, 6, '2018-08-23', '103'),
(1047, 7, '2018-08-23', '13'),
(1048, 8, '2018-08-23', '47'),
(1049, 9, '2018-08-23', '42'),
(1050, 10, '2018-08-23', '92'),
(1051, 11, '2018-08-23', '30'),
(1052, 12, '2018-08-23', '12'),
(1053, 13, '2018-08-23', '21'),
(1054, 14, '2018-08-23', '229'),
(1055, 15, '2018-08-23', '49'),
(1056, 16, '2018-08-23', '34'),
(1057, 17, '2018-08-23', '83'),
(1058, 18, '2018-08-23', '41'),
(1059, 19, '2018-08-23', '43'),
(1060, 20, '2018-08-23', '676'),
(1061, 21, '2018-08-23', '166'),
(1062, 22, '2018-08-23', '22'),
(1063, 23, '2018-08-23', '80'),
(1064, 24, '2018-08-23', '115'),
(1065, 25, '2018-08-23', '39'),
(1066, 26, '2018-08-23', '38'),
(1067, 27, '2018-08-23', '38'),
(1068, 28, '2018-08-23', '1782'),
(1069, 29, '2018-08-23', '54'),
(1070, 30, '2018-08-23', '96'),
(1071, 31, '2018-08-23', '172'),
(1072, 32, '2018-08-23', '79'),
(1073, 33, '2018-08-23', '193'),
(1074, 34, '2018-08-23', '413'),
(1075, 35, '2018-08-23', '40'),
(1076, 36, '2018-08-23', '30'),
(1077, 37, '2018-08-23', '270'),
(1078, 38, '2018-08-23', '16'),
(1079, 39, '2018-08-23', '268'),
(1080, 40, '2018-08-23', '28'),
(1081, 1, '2018-08-31', '30'),
(1082, 2, '2018-08-31', '40'),
(1083, 3, '2018-08-31', '60'),
(1084, 4, '2018-08-31', '322'),
(1085, 5, '2018-08-31', '51'),
(1086, 6, '2018-08-31', '119'),
(1087, 7, '2018-08-31', '32'),
(1088, 8, '2018-08-31', '53'),
(1089, 9, '2018-08-31', '49'),
(1090, 10, '2018-08-31', '106'),
(1091, 11, '2018-08-31', '32'),
(1092, 12, '2018-08-31', '32'),
(1093, 13, '2018-08-31', '40'),
(1094, 14, '2018-08-31', '231'),
(1095, 15, '2018-08-31', '64'),
(1096, 16, '2018-08-31', '49'),
(1097, 17, '2018-08-31', '86'),
(1098, 18, '2018-08-31', '58'),
(1099, 19, '2018-08-31', '50'),
(1100, 20, '2018-08-31', '685'),
(1101, 21, '2018-08-31', '181'),
(1102, 22, '2018-08-31', '32'),
(1103, 23, '2018-08-31', '83'),
(1104, 24, '2018-08-31', '128'),
(1105, 25, '2018-08-31', '46'),
(1106, 26, '2018-08-31', '51'),
(1107, 27, '2018-08-31', '40'),
(1108, 28, '2018-08-31', '1783'),
(1109, 29, '2018-08-31', '61'),
(1110, 30, '2018-08-31', '100'),
(1111, 31, '2018-08-31', '173'),
(1112, 32, '2018-08-31', '83'),
(1113, 33, '2018-08-31', '197'),
(1114, 34, '2018-08-31', '416'),
(1115, 35, '2018-08-31', '49'),
(1116, 36, '2018-08-31', '37'),
(1117, 37, '2018-08-31', '274'),
(1118, 38, '2018-08-31', '32'),
(1119, 39, '2018-08-31', '287'),
(1120, 40, '2018-08-31', '47'),
(1121, 1, '2018-09-07', '11'),
(1122, 2, '2018-09-07', '29'),
(1123, 3, '2018-09-07', '37'),
(1124, 4, '2018-09-07', '212'),
(1125, 5, '2018-09-07', '38'),
(1126, 6, '2018-09-07', '127'),
(1127, 7, '2018-09-07', '26'),
(1128, 8, '2018-09-07', '23'),
(1129, 9, '2018-09-07', '41'),
(1130, 10, '2018-09-07', '99'),
(1131, 11, '2018-09-07', '21'),
(1132, 12, '2018-09-07', '29'),
(1133, 13, '2018-09-07', '22'),
(1134, 14, '2018-09-07', '197'),
(1135, 15, '2018-09-07', '44'),
(1136, 16, '2018-09-07', '45'),
(1137, 17, '2018-09-07', '79'),
(1138, 18, '2018-09-07', '55'),
(1139, 19, '2018-09-07', '36'),
(1140, 20, '2018-09-07', '605'),
(1141, 21, '2018-09-07', '105'),
(1142, 22, '2018-09-07', '36'),
(1143, 23, '2018-09-07', '77'),
(1144, 24, '2018-09-07', '138'),
(1145, 25, '2018-09-07', '24'),
(1146, 26, '2018-09-07', '32'),
(1147, 27, '2018-09-07', '25'),
(1148, 28, '2018-09-07', '1434'),
(1149, 29, '2018-09-07', '56'),
(1150, 30, '2018-09-07', '98'),
(1151, 31, '2018-09-07', '109'),
(1152, 32, '2018-09-07', '33'),
(1153, 33, '2018-09-07', '171'),
(1154, 34, '2018-09-07', '488'),
(1155, 35, '2018-09-07', '27'),
(1156, 36, '2018-09-07', '32'),
(1157, 37, '2018-09-07', '299'),
(1158, 38, '2018-09-07', '22'),
(1159, 39, '2018-09-07', '251'),
(1160, 40, '2018-09-07', '19'),
(1161, 1, '2018-09-15', '17'),
(1162, 2, '2018-09-15', '38'),
(1163, 3, '2018-09-15', '37'),
(1164, 4, '2018-09-15', '222'),
(1165, 5, '2018-09-15', '46'),
(1166, 6, '2018-09-15', '125'),
(1167, 7, '2018-09-15', '21'),
(1168, 8, '2018-09-15', '31'),
(1169, 9, '2018-09-15', '28'),
(1170, 10, '2018-09-15', '96'),
(1171, 11, '2018-09-15', '17'),
(1172, 12, '2018-09-15', '32'),
(1173, 13, '2018-09-15', '22'),
(1174, 14, '2018-09-15', '205'),
(1175, 15, '2018-09-15', '42'),
(1176, 16, '2018-09-15', '46'),
(1177, 17, '2018-09-15', '97'),
(1178, 18, '2018-09-15', '44'),
(1179, 19, '2018-09-15', '27'),
(1180, 20, '2018-09-15', '601'),
(1181, 21, '2018-09-15', '106'),
(1182, 22, '2018-09-15', '25'),
(1183, 23, '2018-09-15', '77'),
(1184, 24, '2018-09-15', '133'),
(1185, 25, '2018-09-15', '24'),
(1186, 26, '2018-09-15', '21'),
(1187, 27, '2018-09-15', '34'),
(1188, 28, '2018-09-15', '1444'),
(1189, 29, '2018-09-15', '53'),
(1190, 30, '2018-09-15', '100'),
(1191, 31, '2018-09-15', '110'),
(1192, 32, '2018-09-15', '34'),
(1193, 33, '2018-09-15', '170'),
(1194, 34, '2018-09-15', '504'),
(1195, 35, '2018-09-15', '19'),
(1196, 36, '2018-09-15', '25'),
(1197, 37, '2018-09-15', '295'),
(1198, 38, '2018-09-15', '30'),
(1199, 39, '2018-09-15', '251'),
(1200, 40, '2018-09-15', '18'),
(1201, 1, '2018-09-22', '14'),
(1202, 2, '2018-09-22', '30'),
(1203, 3, '2018-09-22', '49'),
(1204, 4, '2018-09-22', '219'),
(1205, 5, '2018-09-22', '46'),
(1206, 6, '2018-09-22', '132'),
(1207, 7, '2018-09-22', '33'),
(1208, 8, '2018-09-22', '29'),
(1209, 9, '2018-09-22', '31'),
(1210, 10, '2018-09-22', '91'),
(1211, 11, '2018-09-22', '13'),
(1212, 12, '2018-09-22', '40'),
(1213, 13, '2018-09-22', '30'),
(1214, 14, '2018-09-22', '193'),
(1215, 15, '2018-09-22', '47'),
(1216, 16, '2018-09-22', '44'),
(1217, 17, '2018-09-22', '90'),
(1218, 18, '2018-09-22', '54'),
(1219, 19, '2018-09-22', '38'),
(1220, 20, '2018-09-22', '592'),
(1221, 21, '2018-09-22', '103'),
(1222, 22, '2018-09-22', '39'),
(1223, 23, '2018-09-22', '69'),
(1224, 24, '2018-09-22', '119'),
(1225, 25, '2018-09-22', '26'),
(1226, 26, '2018-09-22', '30'),
(1227, 27, '2018-09-22', '33'),
(1228, 28, '2018-09-22', '1436'),
(1229, 29, '2018-09-22', '44'),
(1230, 30, '2018-09-22', '103'),
(1231, 31, '2018-09-22', '110'),
(1232, 32, '2018-09-22', '20'),
(1233, 33, '2018-09-22', '159'),
(1234, 34, '2018-09-22', '488'),
(1235, 35, '2018-09-22', '24'),
(1236, 36, '2018-09-22', '30'),
(1237, 37, '2018-09-22', '294'),
(1238, 38, '2018-09-22', '33'),
(1239, 39, '2018-09-22', '262'),
(1240, 40, '2018-09-22', '14'),
(1241, 1, '2018-09-30', '28'),
(1242, 2, '2018-09-30', '39'),
(1243, 3, '2018-09-30', '54'),
(1244, 4, '2018-09-30', '227'),
(1245, 5, '2018-09-30', '54'),
(1246, 6, '2018-09-30', '135'),
(1247, 7, '2018-09-30', '41'),
(1248, 8, '2018-09-30', '38'),
(1249, 9, '2018-09-30', '48'),
(1250, 10, '2018-09-30', '106'),
(1251, 11, '2018-09-30', '29'),
(1252, 12, '2018-09-30', '44'),
(1253, 13, '2018-09-30', '32'),
(1254, 14, '2018-09-30', '210'),
(1255, 15, '2018-09-30', '52'),
(1256, 16, '2018-09-30', '54'),
(1257, 17, '2018-09-30', '99'),
(1258, 18, '2018-09-30', '55'),
(1259, 19, '2018-09-30', '46'),
(1260, 20, '2018-09-30', '610'),
(1261, 21, '2018-09-30', '119'),
(1262, 22, '2018-09-30', '41'),
(1263, 23, '2018-09-30', '83'),
(1264, 24, '2018-09-30', '138'),
(1265, 25, '2018-09-30', '30'),
(1266, 26, '2018-09-30', '33'),
(1267, 27, '2018-09-30', '39'),
(1268, 28, '2018-09-30', '1454'),
(1269, 29, '2018-09-30', '57'),
(1270, 30, '2018-09-30', '104'),
(1271, 31, '2018-09-30', '129'),
(1272, 32, '2018-09-30', '39'),
(1273, 33, '2018-09-30', '179'),
(1274, 34, '2018-09-30', '508'),
(1275, 35, '2018-09-30', '35'),
(1276, 36, '2018-09-30', '32'),
(1277, 37, '2018-09-30', '305'),
(1278, 38, '2018-09-30', '41'),
(1279, 39, '2018-09-30', '269'),
(1280, 40, '2018-09-30', '26'),
(1281, 1, '2018-10-07', '19'),
(1282, 2, '2018-10-07', '33'),
(1283, 3, '2018-10-07', '32'),
(1284, 4, '2018-10-07', '174'),
(1285, 5, '2018-10-07', '58'),
(1286, 6, '2018-10-07', '114'),
(1287, 7, '2018-10-07', '31'),
(1288, 8, '2018-10-07', '33'),
(1289, 9, '2018-10-07', '40'),
(1290, 10, '2018-10-07', '103'),
(1291, 11, '2018-10-07', '26'),
(1292, 12, '2018-10-07', '36'),
(1293, 13, '2018-10-07', '48'),
(1294, 14, '2018-10-07', '212'),
(1295, 15, '2018-10-07', '72'),
(1296, 16, '2018-10-07', '46'),
(1297, 17, '2018-10-07', '64'),
(1298, 18, '2018-10-07', '39'),
(1299, 19, '2018-10-07', '36'),
(1300, 20, '2018-10-07', '699'),
(1301, 21, '2018-10-07', '178'),
(1302, 22, '2018-10-07', '28'),
(1303, 23, '2018-10-07', '80'),
(1304, 24, '2018-10-07', '135'),
(1305, 25, '2018-10-07', '20'),
(1306, 26, '2018-10-07', '24'),
(1307, 27, '2018-10-07', '37'),
(1308, 28, '2018-10-07', '1437'),
(1309, 29, '2018-10-07', '63'),
(1310, 30, '2018-10-07', '103'),
(1311, 31, '2018-10-07', '147'),
(1312, 32, '2018-10-07', '61'),
(1313, 33, '2018-10-07', '142'),
(1314, 34, '2018-10-07', '422'),
(1315, 35, '2018-10-07', '30'),
(1316, 36, '2018-10-07', '10'),
(1317, 37, '2018-10-07', '266'),
(1318, 38, '2018-10-07', '30'),
(1319, 39, '2018-10-07', '220'),
(1320, 40, '2018-10-07', '36'),
(1321, 1, '2018-10-15', '18'),
(1322, 2, '2018-10-15', '29'),
(1323, 3, '2018-10-15', '38'),
(1324, 4, '2018-10-15', '172'),
(1325, 5, '2018-10-15', '60'),
(1326, 6, '2018-10-15', '128'),
(1327, 7, '2018-10-15', '26'),
(1328, 8, '2018-10-15', '29'),
(1329, 9, '2018-10-15', '31'),
(1330, 10, '2018-10-15', '102'),
(1331, 11, '2018-10-15', '28'),
(1332, 12, '2018-10-15', '27'),
(1333, 13, '2018-10-15', '43'),
(1334, 14, '2018-10-15', '206'),
(1335, 15, '2018-10-15', '58'),
(1336, 16, '2018-10-15', '58'),
(1337, 17, '2018-10-15', '53'),
(1338, 18, '2018-10-15', '25'),
(1339, 19, '2018-10-15', '22'),
(1340, 20, '2018-10-15', '713'),
(1341, 21, '2018-10-15', '175'),
(1342, 22, '2018-10-15', '31'),
(1343, 23, '2018-10-15', '78'),
(1344, 24, '2018-10-15', '132'),
(1345, 25, '2018-10-15', '21'),
(1346, 26, '2018-10-15', '33'),
(1347, 27, '2018-10-15', '38'),
(1348, 28, '2018-10-15', '1437'),
(1349, 29, '2018-10-15', '68'),
(1350, 30, '2018-10-15', '98'),
(1351, 31, '2018-10-15', '152'),
(1352, 32, '2018-10-15', '68'),
(1353, 33, '2018-10-15', '145'),
(1354, 34, '2018-10-15', '432'),
(1355, 35, '2018-10-15', '41'),
(1356, 36, '2018-10-15', '12'),
(1357, 37, '2018-10-15', '258'),
(1358, 38, '2018-10-15', '18'),
(1359, 39, '2018-10-15', '224'),
(1360, 40, '2018-10-15', '39'),
(1361, 1, '2018-10-23', '14'),
(1362, 2, '2018-10-23', '40'),
(1363, 3, '2018-10-23', '44'),
(1364, 4, '2018-10-23', '178'),
(1365, 5, '2018-10-23', '52'),
(1366, 6, '2018-10-23', '119'),
(1367, 7, '2018-10-23', '12'),
(1368, 8, '2018-10-23', '37'),
(1369, 9, '2018-10-23', '29'),
(1370, 10, '2018-10-23', '88'),
(1371, 11, '2018-10-23', '14'),
(1372, 12, '2018-10-23', '25'),
(1373, 13, '2018-10-23', '41'),
(1374, 14, '2018-10-23', '206'),
(1375, 15, '2018-10-23', '62'),
(1376, 16, '2018-10-23', '62'),
(1377, 17, '2018-10-23', '71'),
(1378, 18, '2018-10-23', '35'),
(1379, 19, '2018-10-23', '23'),
(1380, 20, '2018-10-23', '711'),
(1381, 21, '2018-10-23', '192'),
(1382, 22, '2018-10-23', '16'),
(1383, 23, '2018-10-23', '77'),
(1384, 24, '2018-10-23', '149'),
(1385, 25, '2018-10-23', '37'),
(1386, 26, '2018-10-23', '36'),
(1387, 27, '2018-10-23', '30'),
(1388, 28, '2018-10-23', '1419'),
(1389, 29, '2018-10-23', '63'),
(1390, 30, '2018-10-23', '98'),
(1391, 31, '2018-10-23', '148'),
(1392, 32, '2018-10-23', '59'),
(1393, 33, '2018-10-23', '143'),
(1394, 34, '2018-10-23', '436'),
(1395, 35, '2018-10-23', '28'),
(1396, 36, '2018-10-23', '27'),
(1397, 37, '2018-10-23', '261'),
(1398, 38, '2018-10-23', '26'),
(1399, 39, '2018-10-23', '224'),
(1400, 40, '2018-10-23', '31'),
(1401, 1, '2018-10-31', '27'),
(1402, 2, '2018-10-31', '46'),
(1403, 3, '2018-10-31', '46'),
(1404, 4, '2018-10-31', '191'),
(1405, 5, '2018-10-31', '66'),
(1406, 6, '2018-10-31', '128'),
(1407, 7, '2018-10-31', '31'),
(1408, 8, '2018-10-31', '46'),
(1409, 9, '2018-10-31', '45'),
(1410, 10, '2018-10-31', '106'),
(1411, 11, '2018-10-31', '34'),
(1412, 12, '2018-10-31', '37'),
(1413, 13, '2018-10-31', '51'),
(1414, 14, '2018-10-31', '225'),
(1415, 15, '2018-10-31', '73'),
(1416, 16, '2018-10-31', '66'),
(1417, 17, '2018-10-31', '72'),
(1418, 18, '2018-10-31', '41'),
(1419, 19, '2018-10-31', '40'),
(1420, 20, '2018-10-31', '713'),
(1421, 21, '2018-10-31', '194'),
(1422, 22, '2018-10-31', '31'),
(1423, 23, '2018-10-31', '83'),
(1424, 24, '2018-10-31', '151'),
(1425, 25, '2018-10-31', '37'),
(1426, 26, '2018-10-31', '41'),
(1427, 27, '2018-10-31', '46'),
(1428, 28, '2018-10-31', '1438'),
(1429, 29, '2018-10-31', '78'),
(1430, 30, '2018-10-31', '117'),
(1431, 31, '2018-10-31', '157'),
(1432, 32, '2018-10-31', '77'),
(1433, 33, '2018-10-31', '146'),
(1434, 34, '2018-10-31', '438'),
(1435, 35, '2018-10-31', '42'),
(1436, 36, '2018-10-31', '27'),
(1437, 37, '2018-10-31', '269'),
(1438, 38, '2018-10-31', '31'),
(1439, 39, '2018-10-31', '240'),
(1440, 40, '2018-10-31', '43'),
(1441, 1, '2018-11-07', '18'),
(1442, 2, '2018-11-07', '29'),
(1443, 3, '2018-11-07', '21'),
(1444, 4, '2018-11-07', '356'),
(1445, 5, '2018-11-07', '29'),
(1446, 6, '2018-11-07', '121'),
(1447, 7, '2018-11-07', '29'),
(1448, 8, '2018-11-07', '24'),
(1449, 9, '2018-11-07', '85'),
(1450, 10, '2018-11-07', '100'),
(1451, 11, '2018-11-07', '19'),
(1452, 12, '2018-11-07', '25'),
(1453, 13, '2018-11-07', '48'),
(1454, 14, '2018-11-07', '213'),
(1455, 15, '2018-11-07', '55'),
(1456, 16, '2018-11-07', '27'),
(1457, 17, '2018-11-07', '54'),
(1458, 18, '2018-11-07', '22'),
(1459, 19, '2018-11-07', '41'),
(1460, 20, '2018-11-07', '438'),
(1461, 21, '2018-11-07', '98'),
(1462, 22, '2018-11-07', '20'),
(1463, 23, '2018-11-07', '132'),
(1464, 24, '2018-11-07', '19'),
(1465, 25, '2018-11-07', '32'),
(1466, 26, '2018-11-07', '39'),
(1467, 27, '2018-11-07', '1531'),
(1468, 28, '2018-11-07', '47'),
(1469, 29, '2018-11-07', '126'),
(1470, 30, '2018-11-07', '200'),
(1471, 31, '2018-11-07', '94'),
(1472, 32, '2018-11-07', '44'),
(1473, 33, '2018-11-07', '135'),
(1474, 34, '2018-11-07', '424'),
(1475, 35, '2018-11-07', '25'),
(1476, 36, '2018-11-07', '20'),
(1477, 37, '2018-11-07', '196'),
(1478, 38, '2018-11-07', '27'),
(1479, 39, '2018-11-07', '205'),
(1480, 40, '2018-11-07', '25'),
(1481, 1, '2018-11-15', '33'),
(1482, 2, '2018-11-15', '37'),
(1483, 3, '2018-11-15', '16'),
(1484, 4, '2018-11-15', '362'),
(1485, 5, '2018-11-15', '42'),
(1486, 6, '2018-11-15', '119'),
(1487, 7, '2018-11-15', '18'),
(1488, 8, '2018-11-15', '20'),
(1489, 9, '2018-11-15', '76'),
(1490, 10, '2018-11-15', '103'),
(1491, 11, '2018-11-15', '32'),
(1492, 12, '2018-11-15', '15'),
(1493, 13, '2018-11-15', '44'),
(1494, 14, '2018-11-15', '230'),
(1495, 15, '2018-11-15', '43'),
(1496, 16, '2018-11-15', '46'),
(1497, 17, '2018-11-15', '53'),
(1498, 18, '2018-11-15', '9'),
(1499, 19, '2018-11-15', '50'),
(1500, 20, '2018-11-15', '432'),
(1501, 21, '2018-11-15', '112'),
(1502, 22, '2018-11-15', '28'),
(1503, 23, '2018-11-15', '132'),
(1504, 24, '2018-11-15', '22'),
(1505, 25, '2018-11-15', '39'),
(1506, 26, '2018-11-15', '28'),
(1507, 27, '2018-11-15', '1526'),
(1508, 28, '2018-11-15', '66'),
(1509, 29, '2018-11-15', '119'),
(1510, 30, '2018-11-15', '185'),
(1511, 31, '2018-11-15', '85'),
(1512, 32, '2018-11-15', '45'),
(1513, 33, '2018-11-15', '131'),
(1514, 34, '2018-11-15', '429'),
(1515, 35, '2018-11-15', '19'),
(1516, 36, '2018-11-15', '13'),
(1517, 37, '2018-11-15', '196'),
(1518, 38, '2018-11-15', '18'),
(1519, 39, '2018-11-15', '211'),
(1520, 40, '2018-11-15', '37'),
(1521, 1, '2018-11-22', '23'),
(1522, 2, '2018-11-22', '29'),
(1523, 3, '2018-11-22', '21'),
(1524, 4, '2018-11-22', '357'),
(1525, 5, '2018-11-22', '32'),
(1526, 6, '2018-11-22', '122'),
(1527, 7, '2018-11-22', '15'),
(1528, 8, '2018-11-22', '31'),
(1529, 9, '2018-11-22', '80'),
(1530, 10, '2018-11-22', '94'),
(1531, 11, '2018-11-22', '21'),
(1532, 12, '2018-11-22', '33'),
(1533, 13, '2018-11-22', '41'),
(1534, 14, '2018-11-22', '230'),
(1535, 15, '2018-11-22', '45'),
(1536, 16, '2018-11-22', '29'),
(1537, 17, '2018-11-22', '65'),
(1538, 18, '2018-11-22', '11'),
(1539, 19, '2018-11-22', '43'),
(1540, 20, '2018-11-22', '430'),
(1541, 21, '2018-11-22', '99'),
(1542, 22, '2018-11-22', '33'),
(1543, 23, '2018-11-22', '128'),
(1544, 24, '2018-11-22', '23'),
(1545, 25, '2018-11-22', '33'),
(1546, 26, '2018-11-22', '32'),
(1547, 27, '2018-11-22', '1532'),
(1548, 28, '2018-11-22', '47'),
(1549, 29, '2018-11-22', '116'),
(1550, 30, '2018-11-22', '193'),
(1551, 31, '2018-11-22', '87'),
(1552, 32, '2018-11-22', '29'),
(1553, 33, '2018-11-22', '139'),
(1554, 34, '2018-11-22', '420'),
(1555, 35, '2018-11-22', '26'),
(1556, 36, '2018-11-22', '12'),
(1557, 37, '2018-11-22', '205'),
(1558, 38, '2018-11-22', '21'),
(1559, 39, '2018-11-22', '201'),
(1560, 40, '2018-11-22', '28'),
(1561, 1, '2018-11-30', '33'),
(1562, 2, '2018-11-30', '43'),
(1563, 3, '2018-11-30', '27'),
(1564, 4, '2018-11-30', '369'),
(1565, 5, '2018-11-30', '47'),
(1566, 6, '2018-11-30', '123'),
(1567, 7, '2018-11-30', '33'),
(1568, 8, '2018-11-30', '31'),
(1569, 9, '2018-11-30', '93'),
(1570, 10, '2018-11-30', '106'),
(1571, 11, '2018-11-30', '32'),
(1572, 12, '2018-11-30', '34'),
(1573, 13, '2018-11-30', '55'),
(1574, 14, '2018-11-30', '232'),
(1575, 15, '2018-11-30', '58'),
(1576, 16, '2018-11-30', '47'),
(1577, 17, '2018-11-30', '70'),
(1578, 18, '2018-11-30', '27'),
(1579, 19, '2018-11-30', '52'),
(1580, 20, '2018-11-30', '449'),
(1581, 21, '2018-11-30', '113'),
(1582, 22, '2018-11-30', '33'),
(1583, 23, '2018-11-30', '144'),
(1584, 24, '2018-11-30', '31'),
(1585, 25, '2018-11-30', '49'),
(1586, 26, '2018-11-30', '43'),
(1587, 27, '2018-11-30', '1543'),
(1588, 28, '2018-11-30', '66'),
(1589, 29, '2018-11-30', '133'),
(1590, 30, '2018-11-30', '202'),
(1591, 31, '2018-11-30', '98'),
(1592, 32, '2018-11-30', '45'),
(1593, 33, '2018-11-30', '140'),
(1594, 34, '2018-11-30', '433'),
(1595, 35, '2018-11-30', '39'),
(1596, 36, '2018-11-30', '30'),
(1597, 37, '2018-11-30', '215'),
(1598, 38, '2018-11-30', '33'),
(1599, 39, '2018-11-30', '221'),
(1600, 40, '2018-11-30', '37'),
(1601, 1, '2018-12-07', '28'),
(1602, 2, '2018-12-07', '37'),
(1603, 3, '2018-12-07', '188'),
(1604, 4, '2018-12-07', '32'),
(1605, 5, '2018-12-07', '142'),
(1606, 6, '2018-12-07', '45'),
(1607, 7, '2018-12-07', '21'),
(1608, 8, '2018-12-07', '63'),
(1609, 9, '2018-12-07', '20'),
(1610, 10, '2018-12-07', '99'),
(1611, 11, '2018-12-07', '15'),
(1612, 12, '2018-12-07', '46'),
(1613, 13, '2018-12-07', '57'),
(1614, 14, '2018-12-07', '214'),
(1615, 15, '2018-12-07', '48'),
(1616, 16, '2018-12-07', '43'),
(1617, 17, '2018-12-07', '64'),
(1618, 18, '2018-12-07', '61'),
(1619, 19, '2018-12-07', '67'),
(1620, 20, '2018-12-07', '814'),
(1621, 21, '2018-12-07', '182'),
(1622, 22, '2018-12-07', '29'),
(1623, 23, '2018-12-07', '79'),
(1624, 24, '2018-12-07', '105'),
(1625, 25, '2018-12-07', '31'),
(1626, 26, '2018-12-07', '27'),
(1627, 27, '2018-12-07', '40'),
(1628, 28, '2018-12-07', '1627'),
(1629, 29, '2018-12-07', '58'),
(1630, 30, '2018-12-07', '101'),
(1631, 31, '2018-12-07', '188'),
(1632, 32, '2018-12-07', '43'),
(1633, 33, '2018-12-07', '197'),
(1634, 34, '2018-12-07', '463'),
(1635, 35, '2018-12-07', '28'),
(1636, 36, '2018-12-07', '18'),
(1637, 37, '2018-12-07', '214'),
(1638, 38, '2018-12-07', '45'),
(1639, 39, '2018-12-07', '235'),
(1640, 40, '2018-12-07', '27'),
(1641, 1, '2018-12-15', '20'),
(1642, 2, '2018-12-15', '47'),
(1643, 3, '2018-12-15', '194'),
(1644, 4, '2018-12-15', '35'),
(1645, 5, '2018-12-15', '143'),
(1646, 6, '2018-12-15', '42'),
(1647, 7, '2018-12-15', '20'),
(1648, 8, '2018-12-15', '65'),
(1649, 9, '2018-12-15', '29'),
(1650, 10, '2018-12-15', '94'),
(1651, 11, '2018-12-15', '15'),
(1652, 12, '2018-12-15', '35'),
(1653, 13, '2018-12-15', '56'),
(1654, 14, '2018-12-15', '218'),
(1655, 15, '2018-12-15', '54'),
(1656, 16, '2018-12-15', '31'),
(1657, 17, '2018-12-15', '64'),
(1658, 18, '2018-12-15', '69'),
(1659, 19, '2018-12-15', '64'),
(1660, 20, '2018-12-15', '803'),
(1661, 21, '2018-12-15', '181'),
(1662, 22, '2018-12-15', '31'),
(1663, 23, '2018-12-15', '82'),
(1664, 24, '2018-12-15', '116'),
(1665, 25, '2018-12-15', '30'),
(1666, 26, '2018-12-15', '32'),
(1667, 27, '2018-12-15', '46'),
(1668, 28, '2018-12-15', '1621'),
(1669, 29, '2018-12-15', '71'),
(1670, 30, '2018-12-15', '103'),
(1671, 31, '2018-12-15', '186'),
(1672, 32, '2018-12-15', '34'),
(1673, 33, '2018-12-15', '197'),
(1674, 34, '2018-12-15', '465'),
(1675, 35, '2018-12-15', '26'),
(1676, 36, '2018-12-15', '31'),
(1677, 37, '2018-12-15', '228'),
(1678, 38, '2018-12-15', '44'),
(1679, 39, '2018-12-15', '233'),
(1680, 40, '2018-12-15', '26'),
(1681, 1, '2018-12-23', '23'),
(1682, 2, '2018-12-23', '37'),
(1683, 3, '2018-12-23', '178'),
(1684, 4, '2018-12-23', '35'),
(1685, 5, '2018-12-23', '157'),
(1686, 6, '2018-12-23', '49'),
(1687, 7, '2018-12-23', '10'),
(1688, 8, '2018-12-23', '55'),
(1689, 9, '2018-12-23', '30'),
(1690, 10, '2018-12-23', '106'),
(1691, 11, '2018-12-23', '20'),
(1692, 12, '2018-12-23', '40'),
(1693, 13, '2018-12-23', '45');
INSERT INTO `table_keluar` (`keluar_id`, `barang_id`, `keluar_tanggal`, `keluar_jumlah`) VALUES
(1694, 14, '2018-12-23', '212'),
(1695, 15, '2018-12-23', '57'),
(1696, 16, '2018-12-23', '43'),
(1697, 17, '2018-12-23', '75'),
(1698, 18, '2018-12-23', '50'),
(1699, 19, '2018-12-23', '66'),
(1700, 20, '2018-12-23', '806'),
(1701, 21, '2018-12-23', '193'),
(1702, 22, '2018-12-23', '37'),
(1703, 23, '2018-12-23', '72'),
(1704, 24, '2018-12-23', '109'),
(1705, 25, '2018-12-23', '29'),
(1706, 26, '2018-12-23', '27'),
(1707, 27, '2018-12-23', '37'),
(1708, 28, '2018-12-23', '1635'),
(1709, 29, '2018-12-23', '70'),
(1710, 30, '2018-12-23', '110'),
(1711, 31, '2018-12-23', '178'),
(1712, 32, '2018-12-23', '32'),
(1713, 33, '2018-12-23', '182'),
(1714, 34, '2018-12-23', '468'),
(1715, 35, '2018-12-23', '31'),
(1716, 36, '2018-12-23', '17'),
(1717, 37, '2018-12-23', '228'),
(1718, 38, '2018-12-23', '30'),
(1719, 39, '2018-12-23', '238'),
(1720, 40, '2018-12-23', '27'),
(1721, 1, '2018-12-31', '37'),
(1722, 2, '2018-12-31', '54'),
(1723, 3, '2018-12-31', '196'),
(1724, 4, '2018-12-31', '49'),
(1725, 5, '2018-12-31', '158'),
(1726, 6, '2018-12-31', '49'),
(1727, 7, '2018-12-31', '30'),
(1728, 8, '2018-12-31', '69'),
(1729, 9, '2018-12-31', '33'),
(1730, 10, '2018-12-31', '106'),
(1731, 11, '2018-12-31', '33'),
(1732, 12, '2018-12-31', '55'),
(1733, 13, '2018-12-31', '59'),
(1734, 14, '2018-12-31', '228'),
(1735, 15, '2018-12-31', '59'),
(1736, 16, '2018-12-31', '49'),
(1737, 17, '2018-12-31', '82'),
(1738, 18, '2018-12-31', '70'),
(1739, 19, '2018-12-31', '70'),
(1740, 20, '2018-12-31', '816'),
(1741, 21, '2018-12-31', '198'),
(1742, 22, '2018-12-31', '49'),
(1743, 23, '2018-12-31', '83'),
(1744, 24, '2018-12-31', '119'),
(1745, 25, '2018-12-31', '42'),
(1746, 26, '2018-12-31', '45'),
(1747, 27, '2018-12-31', '54'),
(1748, 28, '2018-12-31', '1640'),
(1749, 29, '2018-12-31', '72'),
(1750, 30, '2018-12-31', '119'),
(1751, 31, '2018-12-31', '196'),
(1752, 32, '2018-12-31', '43'),
(1753, 33, '2018-12-31', '200'),
(1754, 34, '2018-12-31', '476'),
(1755, 35, '2018-12-31', '36'),
(1756, 36, '2018-12-31', '35'),
(1757, 37, '2018-12-31', '232'),
(1758, 38, '2018-12-31', '49'),
(1759, 39, '2018-12-31', '241'),
(1760, 40, '2018-12-31', '36'),
(1761, 1, '2019-01-07', '41'),
(1762, 2, '2019-01-07', '47'),
(1763, 3, '2019-01-07', '52'),
(1764, 4, '2019-01-07', '215'),
(1765, 5, '2019-01-07', '73'),
(1766, 6, '2019-01-07', '129'),
(1767, 7, '2019-01-07', '40'),
(1768, 8, '2019-01-07', '46'),
(1769, 9, '2019-01-07', '60'),
(1770, 10, '2019-01-07', '106'),
(1771, 11, '2019-01-07', '49'),
(1772, 12, '2019-01-07', '56'),
(1773, 13, '2019-01-07', '34'),
(1774, 14, '2019-01-07', '262'),
(1775, 15, '2019-01-07', '78'),
(1776, 16, '2019-01-07', '60'),
(1777, 17, '2019-01-07', '109'),
(1778, 18, '2019-01-07', '52'),
(1779, 19, '2019-01-07', '42'),
(1780, 20, '2019-01-07', '790'),
(1781, 21, '2019-01-07', '93'),
(1782, 22, '2019-01-07', '40'),
(1783, 23, '2019-01-07', '142'),
(1784, 24, '2019-01-07', '29'),
(1785, 25, '2019-01-07', '59'),
(1786, 26, '2019-01-07', '46'),
(1787, 27, '2019-01-07', '1469'),
(1788, 28, '2019-01-07', '104'),
(1789, 29, '2019-01-07', '154'),
(1790, 30, '2019-01-07', '172'),
(1791, 31, '2019-01-07', '133'),
(1792, 32, '2019-01-07', '47'),
(1793, 33, '2019-01-07', '133'),
(1794, 34, '2019-01-07', '411'),
(1795, 35, '2019-01-07', '48'),
(1796, 36, '2019-01-07', '49'),
(1797, 37, '2019-01-07', '326'),
(1798, 38, '2019-01-07', '40'),
(1799, 39, '2019-01-07', '258'),
(1800, 40, '2019-01-07', '27'),
(1801, 1, '2019-01-15', '42'),
(1802, 2, '2019-01-15', '47'),
(1803, 3, '2019-01-15', '51'),
(1804, 4, '2019-01-15', '218'),
(1805, 5, '2019-01-15', '75'),
(1806, 6, '2019-01-15', '120'),
(1807, 7, '2019-01-15', '44'),
(1808, 8, '2019-01-15', '48'),
(1809, 9, '2019-01-15', '59'),
(1810, 10, '2019-01-15', '105'),
(1811, 11, '2019-01-15', '48'),
(1812, 12, '2019-01-15', '54'),
(1813, 13, '2019-01-15', '39'),
(1814, 14, '2019-01-15', '264'),
(1815, 15, '2019-01-15', '82'),
(1816, 16, '2019-01-15', '64'),
(1817, 17, '2019-01-15', '106'),
(1818, 18, '2019-01-15', '59'),
(1819, 19, '2019-01-15', '39'),
(1820, 20, '2019-01-15', '819'),
(1821, 21, '2019-01-15', '101'),
(1822, 22, '2019-01-15', '49'),
(1823, 23, '2019-01-15', '139'),
(1824, 24, '2019-01-15', '30'),
(1825, 25, '2019-01-15', '60'),
(1826, 26, '2019-01-15', '51'),
(1827, 27, '2019-01-15', '1482'),
(1828, 28, '2019-01-15', '99'),
(1829, 29, '2019-01-15', '165'),
(1830, 30, '2019-01-15', '173'),
(1831, 31, '2019-01-15', '134'),
(1832, 32, '2019-01-15', '59'),
(1833, 33, '2019-01-15', '143'),
(1834, 34, '2019-01-15', '422'),
(1835, 35, '2019-01-15', '50'),
(1836, 36, '2019-01-15', '53'),
(1837, 37, '2019-01-15', '328'),
(1838, 38, '2019-01-15', '44'),
(1839, 39, '2019-01-15', '260'),
(1840, 40, '2019-01-15', '30'),
(1841, 1, '2019-01-23', '39'),
(1842, 2, '2019-01-23', '45'),
(1843, 3, '2019-01-23', '49'),
(1844, 4, '2019-01-23', '210'),
(1845, 5, '2019-01-23', '72'),
(1846, 6, '2019-01-23', '119'),
(1847, 7, '2019-01-23', '41'),
(1848, 8, '2019-01-23', '44'),
(1849, 9, '2019-01-23', '42'),
(1850, 10, '2019-01-23', '99'),
(1851, 11, '2019-01-23', '48'),
(1852, 12, '2019-01-23', '55'),
(1853, 13, '2019-01-23', '42'),
(1854, 14, '2019-01-23', '255'),
(1855, 15, '2019-01-23', '76'),
(1856, 16, '2019-01-23', '62'),
(1857, 17, '2019-01-23', '98'),
(1858, 18, '2019-01-23', '54'),
(1859, 19, '2019-01-23', '38'),
(1860, 20, '2019-01-23', '809'),
(1861, 21, '2019-01-23', '106'),
(1862, 22, '2019-01-23', '55'),
(1863, 23, '2019-01-23', '140'),
(1864, 24, '2019-01-23', '29'),
(1865, 25, '2019-01-23', '55'),
(1866, 26, '2019-01-23', '49'),
(1867, 27, '2019-01-23', '1492'),
(1868, 28, '2019-01-23', '106'),
(1869, 29, '2019-01-23', '171'),
(1870, 30, '2019-01-23', '154'),
(1871, 31, '2019-01-23', '123'),
(1872, 32, '2019-01-23', '44'),
(1873, 33, '2019-01-23', '154'),
(1874, 34, '2019-01-23', '432'),
(1875, 35, '2019-01-23', '48'),
(1876, 36, '2019-01-23', '55'),
(1877, 37, '2019-01-23', '335'),
(1878, 38, '2019-01-23', '43'),
(1879, 39, '2019-01-23', '255'),
(1880, 40, '2019-01-23', '26'),
(1881, 1, '2019-01-31', '42'),
(1882, 2, '2019-01-31', '46'),
(1883, 3, '2019-01-31', '61'),
(1884, 4, '2019-01-31', '221'),
(1885, 5, '2019-01-31', '74'),
(1886, 6, '2019-01-31', '124'),
(1887, 7, '2019-01-31', '43'),
(1888, 8, '2019-01-31', '47'),
(1889, 9, '2019-01-31', '49'),
(1890, 10, '2019-01-31', '104'),
(1891, 11, '2019-01-31', '52'),
(1892, 12, '2019-01-31', '56'),
(1893, 13, '2019-01-31', '45'),
(1894, 14, '2019-01-31', '256'),
(1895, 15, '2019-01-31', '78'),
(1896, 16, '2019-01-31', '65'),
(1897, 17, '2019-01-31', '104'),
(1898, 18, '2019-01-31', '61'),
(1899, 19, '2019-01-31', '29'),
(1900, 20, '2019-01-31', '820'),
(1901, 21, '2019-01-31', '110'),
(1902, 22, '2019-01-31', '59'),
(1903, 23, '2019-01-31', '149'),
(1904, 24, '2019-01-31', '38'),
(1905, 25, '2019-01-31', '59'),
(1906, 26, '2019-01-31', '47'),
(1907, 27, '2019-01-31', '1502'),
(1908, 28, '2019-01-31', '105'),
(1909, 29, '2019-01-31', '175'),
(1910, 30, '2019-01-31', '161'),
(1911, 31, '2019-01-31', '113'),
(1912, 32, '2019-01-31', '49'),
(1913, 33, '2019-01-31', '156'),
(1914, 34, '2019-01-31', '445'),
(1915, 35, '2019-01-31', '52'),
(1916, 36, '2019-01-31', '59'),
(1917, 37, '2019-01-31', '341'),
(1918, 38, '2019-01-31', '49'),
(1919, 39, '2019-01-31', '259'),
(1920, 40, '2019-01-31', '31');

-- --------------------------------------------------------

--
-- Table structure for table `table_tahun`
--

CREATE TABLE `table_tahun` (
  `tahun_id` int(11) NOT NULL,
  `tahun` int(4) NOT NULL
) ENGINE=InnoDB DEFAULT CHARSET=latin1;

--
-- Dumping data for table `table_tahun`
--

INSERT INTO `table_tahun` (`tahun_id`, `tahun`) VALUES
(2, 2016),
(3, 2017),
(4, 2018);

-- --------------------------------------------------------

--
-- Table structure for table `table_user`
--

CREATE TABLE `table_user` (
  `user_id` int(11) NOT NULL,
  `user_fullname` varchar(200) NOT NULL,
  `user_name` varchar(200) NOT NULL,
  `user_password` varchar(200) NOT NULL,
  `group_id` int(11) NOT NULL
) ENGINE=InnoDB DEFAULT CHARSET=latin1;

--
-- Dumping data for table `table_user`
--

INSERT INTO `table_user` (`user_id`, `user_fullname`, `user_name`, `user_password`, `group_id`) VALUES
(2, 'Admin', 'admin', '21232f297a57a5a743894a0e4a801fc3', 1),
(3, 'User', 'user', 'ee11cbb19052e40b07aac0ca060c23ee', 2),
(11, 'Wafiqoh Muslimin', 'fiqofiqo', '202cb962ac59075b964b07152d234b70', 2),
(12, 'Ragil', 'super', '81dc9bdb52d04dc20036dbd8313ed055', 1);

--
-- Indexes for dumped tables
--

--
-- Indexes for table `table_barang`
--
ALTER TABLE `table_barang`
  ADD PRIMARY KEY (`barang_id`);

--
-- Indexes for table `table_groups`
--
ALTER TABLE `table_groups`
  ADD PRIMARY KEY (`group_id`);

--
-- Indexes for table `table_keluar`
--
ALTER TABLE `table_keluar`
  ADD PRIMARY KEY (`keluar_id`);

--
-- Indexes for table `table_tahun`
--
ALTER TABLE `table_tahun`
  ADD PRIMARY KEY (`tahun_id`);

--
-- Indexes for table `table_user`
--
ALTER TABLE `table_user`
  ADD PRIMARY KEY (`user_id`);

--
-- AUTO_INCREMENT for dumped tables
--

--
-- AUTO_INCREMENT for table `table_barang`
--
ALTER TABLE `table_barang`
  MODIFY `barang_id` int(15) NOT NULL AUTO_INCREMENT, AUTO_INCREMENT=41;

--
-- AUTO_INCREMENT for table `table_groups`
--
ALTER TABLE `table_groups`
  MODIFY `group_id` int(11) NOT NULL AUTO_INCREMENT, AUTO_INCREMENT=3;

--
-- AUTO_INCREMENT for table `table_keluar`
--
ALTER TABLE `table_keluar`
  MODIFY `keluar_id` int(11) NOT NULL AUTO_INCREMENT, AUTO_INCREMENT=1921;

--
-- AUTO_INCREMENT for table `table_tahun`
--
ALTER TABLE `table_tahun`
  MODIFY `tahun_id` int(11) NOT NULL AUTO_INCREMENT, AUTO_INCREMENT=5;

--
-- AUTO_INCREMENT for table `table_user`
--
ALTER TABLE `table_user`
  MODIFY `user_id` int(11) NOT NULL AUTO_INCREMENT, AUTO_INCREMENT=13;
COMMIT;

/*!40101 SET CHARACTER_SET_CLIENT=@OLD_CHARACTER_SET_CLIENT */;
/*!40101 SET CHARACTER_SET_RESULTS=@OLD_CHARACTER_SET_RESULTS */;
/*!40101 SET COLLATION_CONNECTION=@OLD_COLLATION_CONNECTION */;
